,item1,item2,value,class
0,薪資,薪資,1.0,經濟報酬
1,正向,薪資,-0.10003062630871666,情緒
2,負向,薪資,-0.291111254869791,情緒
3,薪資,正向,-0.10003062630871666,經濟報酬
4,正向,正向,1.0,情緒
5,負向,正向,0.04908806936738162,情緒
6,薪資,負向,-0.291111254869791,經濟報酬
7,正向,負向,0.04908806936738162,情緒
8,負向,負向,1.0,情緒
