,item1,item2,value,class
0,薪資,薪資,0.9999999999999999,經濟報酬
1,正向,薪資,-0.1643807535112743,情緒
2,負向,薪資,0.1987751307085177,情緒
3,薪資,正向,-0.1643807535112743,經濟報酬
4,正向,正向,1.0,情緒
5,負向,正向,0.3005302477383355,情緒
6,薪資,負向,0.1987751307085177,經濟報酬
7,正向,負向,0.3005302477383355,情緒
8,負向,負向,1.0,情緒
